casillero,isin,name,ter,size,age_in_years,last_year,last_three_years,last_five_years,last_three_years_volatility,max_drawdown,p_seguimiento,p_costo,p_tamano,p_historia,puntaje,empate_con_el_mejor
Nasdaq 100,IE000QDFFK00,BNP Paribas Easy II NASDAQ 100 UCITS ETF USD Acc,0.14,2476.0,3.87,29.73,96.06,,20.65,-26.44,100.0,83.33,66.67,33.33,76.67,True
Nasdaq 100,IE000SB4G4I4,UBS Nasdaq-100 UCITS ETF USD acc,0.13,478.0,1.55,29.52,,,,-16.73,83.33,100.0,16.67,0.0,56.67,
Nasdaq 100,IE00BNRQM384,Invesco Nasdaq-100 Swap UCITS ETF Acc,0.2,2344.0,5.52,29.5,96.01,110.8,20.64,-31.25,70.83,50.0,33.33,50.0,55.0,True
Nasdaq 100,IE00BMFKG444,Xtrackers Nasdaq 100 UCITS ETF 1C,0.2,2407.0,5.68,29.44,95.48,109.71,20.66,-31.37,50.0,50.0,50.0,66.67,53.33,True
Nasdaq 100,IE00B53SZB19,iShares Nasdaq 100 UCITS ETF (Acc),0.3,25666.0,16.68,29.31,94.87,108.61,20.53,-31.43,8.33,8.33,100.0,100.0,45.0,True
Nasdaq 100,IE00BFZXGZ54,Invesco EQQQ Nasdaq-100 UCITS ETF Acc,0.3,4245.0,8.01,29.3,94.96,108.84,20.65,-31.4,12.5,8.33,83.33,83.33,40.0,True
Nasdaq 100,IE0001ZFMLN7,iShares NASDAQ 100 Swap UCITS ETF USD (Acc),0.2,374.0,1.98,29.37,,,,-26.37,33.33,50.0,0.0,16.67,26.67,
MSCI World ex USA,IE000R4ZNTN3,iShares MSCI World ex-USA UCITS ETF USD (Acc),0.15,3198.0,1.67,22.55,,,,-16.1,100.0,50.0,50.0,0.0,60.0,
MSCI World ex USA,IE0006WW1TQ4,Xtrackers MSCI World ex USA UCITS ETF 1C,0.15,6837.0,2.56,22.33,,,,-16.31,0.0,50.0,100.0,100.0,50.0,
MSCI World ex USA,IE00085PWS28,Amundi MSCI World Ex USA UCITS ETF Acc,0.15,670.0,2.07,22.38,,,,-16.41,50.0,50.0,0.0,50.0,40.0,
MSCI Emerging Markets,IE00B3Z3FS74,UBS MSCI EM SF UCITS ETF USD acc,0.14,158.0,15.43,36.76,80.39,58.76,16.88,-35.45,90.0,75.0,0.0,75.0,66.0,True
MSCI Emerging Markets,IE00B469F816,State Street SPDR MSCI Emerging Markets UCITS ETF USD,0.18,2030.0,15.39,35.05,80.45,58.42,17.09,-35.23,65.0,16.67,66.67,75.0,57.67,True
MSCI Emerging Markets,IE00B3DWVS88,Invesco MSCI Emerging Markets UCITS ETF ,0.09,449.0,16.43,35.13,78.82,56.62,16.91,-35.45,30.0,100.0,33.33,75.0,53.67,False
MSCI Emerging Markets,IE00B4L5YC18,iShares MSCI EM UCITS ETF (Acc),0.18,9378.0,17.02,35.05,80.28,58.68,17.0,-35.2,45.0,16.67,83.33,75.0,53.0,True
MSCI Emerging Markets,IE000KCS7J59,HSBC MSCI Emerging Markets UCITS ETF USD (Acc),0.15,1642.0,4.25,35.28,78.97,,16.7,-17.35,50.0,50.0,50.0,16.67,43.33,False
MSCI Emerging Markets,IE000S3N6R34,iShares MSCI EM Swap UCITS ETF USD (Acc),0.14,234.0,0.59,,,,,-13.24,,75.0,16.67,0.0,38.33,
MSCI Emerging Markets,IE00BTJRMP35,Xtrackers MSCI Emerging Markets UCITS ETF 1C,0.18,12722.0,9.27,35.04,79.98,57.86,16.85,-31.87,20.0,16.67,100.0,33.33,38.0,True
