,2001,2002,2003,2004,2005,2006,2007,2008,2009,2010,2011,2012,2013,2014,2015,2016,2017,2018,2019,2020,2021,2022,2023,2024,2025,2026
ndx_bnp,,,,,,,,,,,,,,,,,,,,,,,54.6,25.6,20.7,21.6
ndx_invesco,,,,,,,,,,,,,,,,,,,,,,-32.5,54.9,25.6,20.7,21.4
ndx_xtrackers,,,,,,,,,,,,,,,,,,,,,,-32.6,54.6,25.5,20.6,21.4
ndx_ishares,,,,,,,,,,,3.1,17.7,36.1,18.8,9.2,6.7,32.3,-0.4,38.8,48.2,27.0,-32.7,54.4,25.3,20.5,21.3
exus_xtr,,,,,,,,,,,,,,,,,,,,,,,,,32.0,11.2
exus_ishares,,,,,,,,,,,,,,,,,,,,,,,,,,11.1
em_ishares,,,,,,,,,,18.2,-18.9,17.1,-4.0,-2.9,-15.3,10.6,36.6,-15.1,17.6,18.0,-3.5,-19.3,9.7,7.6,33.8,25.1
em_spdr,,,,,,,,,,,,17.2,-3.3,-2.8,-15.7,11.6,36.7,-14.7,17.9,18.0,-2.5,-20.4,9.8,7.6,33.8,25.1
em_imi,,,,,,,,,,,,,,,-14.4,9.6,37.0,-14.9,17.5,18.3,-0.9,-19.2,11.6,7.2,31.6,23.5
em_avantis,,,,,,,,,,,,,,,,,,,,,,,,,35.8,22.4
em_value,,,,,,,,,,,,,,,,,,,16.5,7.6,4.7,-15.7,19.1,14.2,42.7,44.3
scv_avantis,,,,,,,,,,,,,,,,,,,,,,,,,19.9,20.4
scv_spdr_us,,,,,,,,,,,,,,,,25.8,9.4,-14.3,23.8,8.5,35.4,-10.2,21.2,9.7,13.9,15.6
scv_spdr_eu,,,,,,,,,,,,,,,,0.7,28.6,-21.9,24.5,5.4,18.4,-19.3,20.4,-1.1,41.8,8.7
sc_world,,,,,,,,,,,,,,,,,,,25.7,15.8,15.8,-18.6,16.1,7.9,19.9,13.4
sc_russell,,,,,,,,,,,,,,,-3.8,20.9,14.0,-11.3,25.0,19.3,14.7,-20.8,16.3,11.2,12.3,15.0
cmd_rollsel,,,,,,,,,,,,,,,,,,,5.7,1.3,27.4,17.5,-3.3,5.4,16.1,38.4
gold,,,,,,,,,,,,8.4,-27.7,-0.5,-11.6,8.8,11.4,-1.3,18.4,24.1,-4.0,-0.5,13.6,26.4,64.7,-0.7
efa,,-15.4,40.3,19.0,13.3,25.8,10.0,-41.0,27.0,8.2,-12.2,18.8,21.4,-6.2,-1.0,1.4,25.1,-13.8,22.0,7.6,11.4,-14.4,18.4,3.5,31.5,11.7
eem,,,,24.6,32.6,31.2,33.3,-48.9,69.0,16.5,-18.8,19.0,-3.6,-3.9,-16.2,10.9,37.3,-15.3,18.2,17.0,-3.6,-20.6,8.9,6.5,34.0,24.9
avem,,,,,,,,,,,,,,,,,,,,14.4,5.2,-18.1,15.3,7.5,34.5,25.3
avuv,,,,,,,,,,,,,,,,,,,,6.4,42.2,-4.9,22.8,9.3,7.4,19.2
avdv,,,,,,,,,,,,,,,,,,,,5.0,15.8,-11.5,16.8,8.7,49.4,20.5
grid,,,,,,,,,,-0.7,-20.8,18.4,25.2,0.5,-5.5,22.7,27.4,-22.7,42.8,48.8,27.6,-13.9,21.6,15.2,29.7,18.1
nlr,,,,,,,,-44.7,17.4,16.6,-33.7,-3.0,17.3,9.6,-9.4,9.1,8.2,4.9,0.4,3.5,13.6,2.3,36.7,14.3,56.5,-14.8
ita,,,,,,,27.6,-38.6,25.3,16.6,5.1,13.9,57.0,9.9,4.1,20.2,35.2,-7.2,30.5,-13.6,9.4,10.0,14.3,15.8,48.6,-0.2
qtum,,,,,,,,,,,,,,,,,,,48.0,42.1,35.2,-28.8,39.8,50.5,36.7,41.1
acwi,,,,,,,,,32.4,12.8,-7.8,16.7,22.4,3.8,-2.2,8.4,24.3,-9.1,26.6,16.3,18.7,-18.4,22.3,17.4,22.4,14.6
bil,,,,,,,,1.6,0.3,-0.0,-0.0,-0.0,-0.1,-0.1,-0.1,0.1,0.7,1.7,2.0,0.4,-0.1,1.4,4.9,5.2,4.1,2.6
