serie,desde,1a_%,2a_%,3a_%,vol_5a_%,sharpe_5a,caida_max_%,4a_%,5a_%,7a_%,10a_%
ndx_bnp,2022-11-16,25.93,24.32,28.08,18.21,1.22,-22.84,,,,
ndx_invesco,2021-03-25,25.79,24.26,28.09,20.9,0.6,-35.14,28.93,15.45,,
ndx_xtrackers,2021-02-01,25.71,24.18,27.98,20.89,0.6,-35.22,28.8,15.33,,
ndx_ishares,2010-01-26,25.6,24.06,27.85,20.88,0.59,-35.28,28.66,15.21,21.97,20.72
exus_xtr,2024-03-07,18.82,17.14,,12.28,0.93,-13.51,,,,
exus_ishares,2025-01-31,18.86,,,,,-13.46,,,,
em_ishares,2009-09-25,31.19,26.04,24.58,18.27,0.33,-39.72,20.33,9.08,10.55,8.83
em_spdr,2011-05-16,31.17,26.08,24.61,18.28,0.33,-39.1,20.44,9.04,10.55,8.92
em_imi,2014-05-30,28.88,24.13,23.3,17.8,0.33,-38.57,19.77,8.85,10.76,9.02
em_avantis,2024-12-09,28.52,,,,,-12.93,,,,
em_value,2018-12-12,59.89,41.18,36.56,20.53,0.72,-34.53,32.36,18.5,16.8,
scv_avantis,2024-10-03,25.97,20.21,,,,-19.66,,,,
scv_spdr_us,2015-02-11,20.76,15.38,18.61,20.32,0.4,-49.11,17.34,10.51,14.01,11.58
scv_spdr_eu,2015-02-11,16.04,18.93,20.18,20.23,0.28,-50.06,21.82,7.94,11.43,8.92
sc_world,2018-03-29,18.36,15.83,18.05,17.83,0.24,-40.97,16.73,6.68,10.55,
sc_russell,2014-06-30,18.71,14.68,17.84,20.68,0.19,-42.18,15.15,5.77,10.05,9.53
cmd_rollsel,2018-10-03,45.18,26.33,17.34,14.47,0.76,-28.46,14.99,14.06,14.39,
gold,2011-04-08,14.66,26.67,30.35,17.08,0.87,-44.98,26.85,19.47,15.81,12.12
efa,2001-08-27,18.77,16.74,18.56,15.47,0.39,-61.04,20.22,9.0,10.39,9.11
eem,2003-04-14,31.25,25.68,23.99,17.65,0.31,-66.43,20.04,8.53,9.89,8.44
avem,2019-09-19,31.93,26.26,25.14,17.51,0.45,-36.05,22.47,11.16,12.64,
avuv,2019-09-26,22.69,14.89,17.67,21.2,0.45,-49.42,18.0,11.71,15.15,
avdv,2019-09-26,31.3,31.25,28.61,17.27,0.68,-43.01,27.5,14.89,15.59,
grid,2009-11-17,22.37,20.34,25.02,22.61,0.53,-40.56,24.71,14.53,21.41,17.9
nlr,2007-08-15,-20.93,13.73,16.11,28.68,0.56,-66.96,21.82,17.41,13.72,10.87
ita,2006-05-05,5.53,20.6,27.1,19.26,0.68,-59.72,23.68,16.13,10.46,13.84
qtum,2018-09-05,48.04,59.3,48.92,27.54,0.84,-38.45,44.12,25.15,29.97,
acwi,2008-03-28,19.69,18.43,21.92,14.92,0.53,-56.28,21.21,11.28,13.74,12.61
bil,2007-05-30,3.68,4.02,4.48,0.52,,-0.78,4.45,3.65,2.7,2.29
